{"mean":{"confidence_interval":{"confidence_level":0.95,"lower_bound":-0.04752311178520446,"upper_bound":-0.03354162889442522},"point_estimate":-0.04053883143486581,"standard_error":0.003561880815491821},"median":{"confidence_interval":{"confidence_level":0.95,"lower_bound":-0.0026985049106352877,"upper_bound":-0.0012691993922246884},"point_estimate":-0.00200166948101832,"standard_error":0.0003656197856555051}}