{"mean":{"confidence_interval":{"confidence_level":0.95,"lower_bound":6385285.13468,"upper_bound":6445622.292115},"point_estimate":6415035.0558,"standard_error":15413.512511998086},"median":{"confidence_interval":{"confidence_level":0.95,"lower_bound":6074576.5,"upper_bound":6080476.5},"point_estimate":6077726.5,"standard_error":1564.9856057911888},"median_abs_dev":{"confidence_interval":{"confidence_level":0.95,"lower_bound":74178.92448306084,"upper_bound":78804.74759593603},"point_estimate":76408.0135434866,"standard_error":1192.2285393538257},"slope":null,"std_dev":{"confidence_interval":{"confidence_level":0.95,"lower_bound":1004785.1596294895,"upper_bound":1190105.355476666},"point_estimate":1087838.3178566478,"standard_error":47718.65588345624}}