{"mean":{"confidence_interval":{"confidence_level":0.95,"lower_bound":-0.0011833080146281176,"upper_bound":0.00078120079526654},"point_estimate":-0.00021184822522746227,"standard_error":0.0005046581766308105},"median":{"confidence_interval":{"confidence_level":0.95,"lower_bound":0.0018661895946989748,"upper_bound":0.0019264812589230296},"point_estimate":0.001896343867844985,"standard_error":0.000015263518896770556}}