{"mean":{"confidence_interval":{"confidence_level":0.95,"lower_bound":-0.0523026118760259,"upper_bound":-0.03692270090849713},"point_estimate":-0.04468837816116833,"standard_error":0.003909211532383155},"median":{"confidence_interval":{"confidence_level":0.95,"lower_bound":-0.005021823957321608,"upper_bound":-0.00365031815968086},"point_estimate":-0.004345906070291172,"standard_error":0.00035098624860571925}}