{"mean":{"confidence_interval":{"confidence_level":0.95,"lower_bound":30948.3006525,"upper_bound":30987.258752499998},"point_estimate":30966.49685,"standard_error":9.948436031356495},"median":{"confidence_interval":{"confidence_level":0.95,"lower_bound":30808.5,"upper_bound":30860.875},"point_estimate":30836.0,"standard_error":13.445012211297245},"median_abs_dev":{"confidence_interval":{"confidence_level":0.95,"lower_bound":477.58251652121544,"upper_bound":518.5393407940865},"point_estimate":500.37749111652374,"standard_error":10.546336105471195},"slope":null,"std_dev":{"confidence_interval":{"confidence_level":0.95,"lower_bound":523.4990120708924,"upper_bound":956.4331082790669},"point_estimate":703.8840711080838,"standard_error":135.5096311807988}}