{"mean":{"confidence_interval":{"confidence_level":0.95,"lower_bound":6560927.78522,"upper_bound":6629003.71662},"point_estimate":6594525.5862,"standard_error":17373.578647115195},"median":{"confidence_interval":{"confidence_level":0.95,"lower_bound":6082911.0,"upper_bound":6089377.0},"point_estimate":6086031.5,"standard_error":1679.5728988497087},"median_abs_dev":{"confidence_interval":{"confidence_level":0.95,"lower_bound":94646.21711969376,"upper_bound":104770.16957245767},"point_estimate":99559.5534324646,"standard_error":2567.969332822312},"slope":null,"std_dev":{"confidence_interval":{"confidence_level":0.95,"lower_bound":1168363.9072077905,"upper_bound":1289928.5116712525},"point_estimate":1225852.9956773154,"standard_error":31001.09065483224}}