{"mean":{"confidence_interval":{"confidence_level":0.95,"lower_bound":6466873.80064,"upper_bound":6532100.74709},"point_estimate":6499234.7722,"standard_error":16634.60187445026},"median":{"confidence_interval":{"confidence_level":0.95,"lower_bound":6073493.0,"upper_bound":6079608.0},"point_estimate":6076233.0,"standard_error":1534.6892251970332},"median_abs_dev":{"confidence_interval":{"confidence_level":0.95,"lower_bound":81560.77121950686,"upper_bound":88877.43915461004},"point_estimate":85245.79198658466,"standard_error":1920.6754593867793},"slope":null,"std_dev":{"confidence_interval":{"confidence_level":0.95,"lower_bound":1098387.3627876302,"upper_bound":1274319.733724536},"point_estimate":1176925.1474455728,"standard_error":45109.069536462586}}