{"mean":{"confidence_interval":{"confidence_level":0.95,"lower_bound":15536256.8617,"upper_bound":22973963.661365002},"point_estimate":19115062.4266,"standard_error":1900734.571894476},"median":{"confidence_interval":{"confidence_level":0.95,"lower_bound":46586.0,"upper_bound":46951.0},"point_estimate":46751.0,"standard_error":101.61527764606976},"median_abs_dev":{"confidence_interval":{"confidence_level":0.95,"lower_bound":4581.23391866684,"upper_bound":5107.556909322739},"point_estimate":4833.2759141922,"standard_error":137.7318103029491},"slope":null,"std_dev":{"confidence_interval":{"confidence_level":0.95,"lower_bound":109236015.60170704,"upper_bound":158009785.07751417},"point_estimate":134144757.35371758,"standard_error":12462551.039945347}}