{"mean":{"confidence_interval":{"confidence_level":0.95,"lower_bound":0.015302343330410783,"upper_bound":0.0304805670362117},"point_estimate":0.022984736677253315,"standard_error":0.0038494191695920524},"median":{"confidence_interval":{"confidence_level":0.95,"lower_bound":0.0008115977251820895,"upper_bound":0.001846179570552664},"point_estimate":0.0013438861414958314,"standard_error":0.0002651389128805444}}