{"mean":{"confidence_interval":{"confidence_level":0.95,"lower_bound":-0.07708980025443006,"upper_bound":0.6108227917239497},"point_estimate":0.22633703329821997,"standard_error":0.17523273096091094},"median":{"confidence_interval":{"confidence_level":0.95,"lower_bound":-0.012824317449550593,"upper_bound":-0.0006285905923621644},"point_estimate":-0.007430840109551862,"standard_error":0.00317202169537314}}