{"mean":{"confidence_interval":{"confidence_level":0.95,"lower_bound":0.001958447404599563,"upper_bound":0.01673332871619517},"point_estimate":0.009213120862408664,"standard_error":0.0037825571816838778},"median":{"confidence_interval":{"confidence_level":0.95,"lower_bound":-0.0017214255466969667,"upper_bound":-0.00021692036318699},"point_estimate":-0.0010334309834788558,"standard_error":0.0003838487478172071}}