{"mean":{"confidence_interval":{"confidence_level":0.95,"lower_bound":-0.05433854332198323,"upper_bound":-0.04159401754602662},"point_estimate":-0.04810709532035262,"standard_error":0.003261122411888247},"median":{"confidence_interval":{"confidence_level":0.95,"lower_bound":-0.022397234454347048,"upper_bound":-0.005138432791210605},"point_estimate":-0.009676906566038479,"standard_error":0.004458434173382542}}