{"mean":{"confidence_interval":{"confidence_level":0.95,"lower_bound":-0.007692004731488093,"upper_bound":0.009673959021791164},"point_estimate":0.0006052814915060711,"standard_error":0.004420441483951974},"median":{"confidence_interval":{"confidence_level":0.95,"lower_bound":-0.005811990429446134,"upper_bound":-0.002812125035598298},"point_estimate":-0.004400800663717508,"standard_error":0.0007716412790913407}}