{"mean":{"confidence_interval":{"confidence_level":0.95,"lower_bound":-0.008227135361513498,"upper_bound":0.006420167839310029},"point_estimate":-0.0009550784348404395,"standard_error":0.0037202442407398067},"median":{"confidence_interval":{"confidence_level":0.95,"lower_bound":0.0005035776987277419,"upper_bound":0.001467550973793413},"point_estimate":0.001000839548921606,"standard_error":0.0002404878785751484}}