{"mean":{"confidence_interval":{"confidence_level":0.95,"lower_bound":0.023809080942368794,"upper_bound":0.04046992071558161},"point_estimate":0.03193589534881891,"standard_error":0.0042525830809473355},"median":{"confidence_interval":{"confidence_level":0.95,"lower_bound":-0.0019410588906159513,"upper_bound":-0.0005747951206413642},"point_estimate":-0.0012470612387507352,"standard_error":0.00035331893785076594}}