{"mean":{"confidence_interval":{"confidence_level":0.95,"lower_bound":6700983.324175,"upper_bound":6785001.76557},"point_estimate":6742842.8596,"standard_error":21472.560951595868},"median":{"confidence_interval":{"confidence_level":0.95,"lower_bound":6068076.0,"upper_bound":6074221.0},"point_estimate":6071511.0,"standard_error":1617.846094018143},"median_abs_dev":{"confidence_interval":{"confidence_level":0.95,"lower_bound":91968.64156723022,"upper_bound":101116.28340482712},"point_estimate":96750.02648234367,"standard_error":2368.801394749704},"slope":null,"std_dev":{"confidence_interval":{"confidence_level":0.95,"lower_bound":1467227.1646559744,"upper_bound":1562654.2542445203},"point_estimate":1515849.351995308,"standard_error":24423.70993141705}}