{"mean":{"confidence_interval":{"confidence_level":0.95,"lower_bound":-0.031061028552492438,"upper_bound":0.07002659094898682},"point_estimate":0.020262420389741242,"standard_error":0.025682660518191774},"median":{"confidence_interval":{"confidence_level":0.95,"lower_bound":0.024852688171627113,"upper_bound":0.0273171896197666},"point_estimate":0.026090480294086005,"standard_error":0.0006258382896396976}}