{"mean":{"confidence_interval":{"confidence_level":0.95,"lower_bound":0.042681209879459295,"upper_bound":0.04709939558030828},"point_estimate":0.04498261427043704,"standard_error":0.0011155634288960575},"median":{"confidence_interval":{"confidence_level":0.95,"lower_bound":0.04776982799100593,"upper_bound":0.0495810074611354},"point_estimate":0.0486559663426569,"standard_error":0.00046340167305956864}}