{"mean":{"confidence_interval":{"confidence_level":0.95,"lower_bound":6941693.947125,"upper_bound":7025455.736409999},"point_estimate":6983278.599,"standard_error":21379.91908550897},"median":{"confidence_interval":{"confidence_level":0.95,"lower_bound":6348906.0,"upper_bound":6366706.5},"point_estimate":6358346.0,"standard_error":4171.178165109119},"median_abs_dev":{"confidence_interval":{"confidence_level":0.95,"lower_bound":398595.52032351494,"upper_bound":426410.5969621986},"point_estimate":412488.22337687016,"standard_error":6988.917141585674},"slope":null,"std_dev":{"confidence_interval":{"confidence_level":0.95,"lower_bound":1450150.7972298993,"upper_bound":1598598.1083114168},"point_estimate":1519548.0408452742,"standard_error":38077.26869587791}}