{"mean":{"confidence_interval":{"confidence_level":0.95,"lower_bound":6637655.767814999,"upper_bound":6712924.5768949995},"point_estimate":6674837.0778,"standard_error":19239.04105958837},"median":{"confidence_interval":{"confidence_level":0.95,"lower_bound":6108198.0,"upper_bound":6112442.5},"point_estimate":6110652.5,"standard_error":1054.664646685185},"median_abs_dev":{"confidence_interval":{"confidence_level":0.95,"lower_bound":81857.30974674225,"upper_bound":89005.0539473444},"point_estimate":85882.56867527962,"standard_error":1795.1731059211052},"slope":null,"std_dev":{"confidence_interval":{"confidence_level":0.95,"lower_bound":1302573.2094716697,"upper_bound":1412609.7957610907},"point_estimate":1357510.2940488695,"standard_error":28079.854198647627}}