{"mean":{"confidence_interval":{"confidence_level":0.95,"lower_bound":6488391.71831,"upper_bound":6540587.952219999},"point_estimate":6514131.4266,"standard_error":13312.789295099949},"median":{"confidence_interval":{"confidence_level":0.95,"lower_bound":6209120.0,"upper_bound":6311009.5},"point_estimate":6285905.5,"standard_error":26524.325378811373},"median_abs_dev":{"confidence_interval":{"confidence_level":0.95,"lower_bound":258988.64357203245,"upper_bound":305810.76306827366},"point_estimate":283040.9370750189,"standard_error":12850.2836783441},"slope":null,"std_dev":{"confidence_interval":{"confidence_level":0.95,"lower_bound":883440.9079435102,"upper_bound":1003058.8416170236},"point_estimate":940807.5171537652,"standard_error":30501.04079322952}}