{"mean":{"confidence_interval":{"confidence_level":0.95,"lower_bound":0.12322531873502598,"upper_bound":0.13163396787889223},"point_estimate":0.12764447728072525,"standard_error":0.0021458283135785813},"median":{"confidence_interval":{"confidence_level":0.95,"lower_bound":0.14209448249654755,"upper_bound":0.1443295146998851},"point_estimate":0.14320669552241583,"standard_error":0.0005668927968246533}}